{"count":1,"self":256.5907456,"total":1961.4254426999998,"children":{"InitializeActuators":{"count":1,"self":0.0010069999999999999,"total":0.0010069999999999999,"children":null},"InitializeSensors":{"count":1,"self":0.002026,"total":0.002026,"children":null},"AgentSendState":{"count":630784,"self":1.0758476,"total":5.4156701,"children":{"CollectObservations":{"count":126157,"self":0.3824612,"total":0.3824612,"children":null},"WriteActionMask":{"count":126157,"self":0.10626609999999999,"total":0.10626609999999999,"children":null},"RequestDecision":{"count":126157,"self":0.6495153,"total":3.8510951999999996,"children":{"AgentInfo.ToProto":{"count":126157,"self":0.8903086,"total":3.2015799,"children":{"GenerateSensorData":{"count":126157,"self":2.3112711999999997,"total":2.3112713,"children":null}}}}}}},"DecideAction":{"count":630784,"self":1694.9517311999998,"total":1694.9516965,"children":null},"AgentAct":{"count":630784,"self":4.4539244,"total":4.4642864,"children":{"AgentInfo.ToProto":{"count":701,"self":0.0040249,"total":0.010362099999999999,"children":{"GenerateSensorData":{"count":701,"self":0.0063371999999999994,"total":0.0063371999999999994,"children":null}}}}}},"gauges":{"Battle.CumulativeReward":{"count":701,"max":253.306259,"min":-0.1999981,"runningAverage":10.3633261,"value":14.8000593,"weightedAverage":57.7787628}},"metadata":{"timer_format_version":"0.1.0","start_time_seconds":"1709561098","unity_version":"2021.3.26f1","command_line_arguments":"C:\\Program Files\\Unity\\Hub\\Editor\\2021.3.26f1\\Editor\\Unity.exe -projectpath E:\\UnityProject\\MLAgent -useHub -hubIPC -cloudEnvironment production -licensingIpc LicenseClient-ghdth -hubSessionId 3a082b53-cdfb-43f5-8e21-41ad9c26b86f -accessToken FAEY_OVjnkFevX_3vPBBycB6NBKXR-jaoZAy2qh6Rjs00df","communication_protocol_version":"1.5.0","com.unity.ml-agents_version":"2.0.1","scene_name":"BattleAgent","end_time_seconds":"1709563059"}}